employeeID,firstName,lastName,phoneNo,email,empRole,warehouseID
SMS00001,Tracy,Smith,+1 (325) 705-1455,tracy.smith9821@gmail.com,Manager,W001
SMS00002,Joshua,Edwards,+1 (360) 786-5466,joshua.edwards215@gmail.com,Manager,W002
SMS00003,Carrie,Valencia,+1 (263) 291-2443,carrie.valencia934@hotmail.com,Manager,W003
SMS00004,Gabriel,Johnston,+1 (846) 897-3376,gabriel.johnston5575@gmail.com,Manager,W004
SMS00005,Cynthia,Bernard,+1 (970) 425-4725,cynthia.bernard4284@yahoo.com,Manager,W005
SMS00006,Susan,Delgado,+1 (536) 699-2147,susan.delgado9666@hotmail.com,Manager,W006
SMS00007,Whitney,Ritter,+1 (826) 171-5026,whitney.ritter536@hotmail.com,Manager,W007
SMS00008,Mark,Andrews,+1 (576) 849-9620,mark.andrews657@yahoo.com,Manager,W008
SMS00009,Roberto,Meyer,+1 (834) 235-2141,roberto.meyer8257@hotmail.com,Manager,W009
SMS00010,Ashley,Nguyen,+1 (468) 602-6413,ashley.nguyen2658@hotmail.com,Manager,W010
SMS00011,Richard,Anderson,+1 (484) 470-6795,richard.anderson2992@gmail.com,Supervisor,W001
SMS00012,Richard,Marshall,+1 (298) 689-9693,richard.marshall4991@gmail.com,Supervisor,W001
SMS00013,Carl,Harris,+1 (764) 526-3383,carl.harris3165@yahoo.com,Supervisor,W002
SMS00014,Melvin,Smith,+1 (256) 512-2058,melvin.smith2315@hotmail.com,Supervisor,W002
SMS00015,Michelle,Taylor,+1 (948) 308-9699,michelle.taylor2360@yahoo.com,Supervisor,W003
SMS00016,Joseph,Butler,+1 (955) 326-5516,joseph.butler6021@gmail.com,Supervisor,W003
SMS00017,Elizabeth,Travis,+1 (911) 617-4403,elizabeth.travis1086@gmail.com,Supervisor,W004
SMS00018,Kari,Campos,+1 (286) 658-6411,kari.campos2657@hotmail.com,Supervisor,W004
SMS00019,Donald,Dunn,+1 (795) 533-9376,donald.dunn9494@yahoo.com,Supervisor,W005
SMS00020,Richard,Davidson,+1 (378) 673-6409,richard.davidson5057@hotmail.com,Supervisor,W005
SMS00021,Elizabeth,Adams,+1 (423) 770-8586,elizabeth.adams2319@yahoo.com,Supervisor,W006
SMS00022,Renee,Hunt,+1 (309) 131-6428,renee.hunt285@yahoo.com,Supervisor,W006
SMS00023,Rachel,Bruce,+1 (710) 368-5650,rachel.bruce9336@yahoo.com,Supervisor,W007
SMS00024,Elizabeth,Bennett,+1 (546) 157-2336,elizabeth.bennett7912@hotmail.com,Supervisor,W007
SMS00025,Miguel,Walker,+1 (675) 471-5286,miguel.walker2963@gmail.com,Supervisor,W008
SMS00026,Ryan,Anderson,+1 (672) 522-5822,ryan.anderson9670@gmail.com,Supervisor,W008
SMS00027,Heather,Baker,+1 (324) 180-7489,heather.baker6119@hotmail.com,Supervisor,W009
SMS00028,Kristin,Christensen,+1 (910) 999-1104,kristin.christensen3172@hotmail.com,Supervisor,W009
SMS00029,Ronnie,Howe,+1 (745) 534-2876,ronnie.howe4664@hotmail.com,Supervisor,W010
SMS00030,Stephanie,Smith,+1 (773) 204-7833,stephanie.smith7273@yahoo.com,Supervisor,W010
SMS00031,Mark,Chandler,+1 (485) 899-6916,mark.chandler2874@hotmail.com,Maintenance,W006
SMS00032,Mark,Andrews,+1 (473) 989-7731,mark.andrews479@hotmail.com,Staff,W001
SMS00033,Wanda,Hardy,+1 (695) 378-4277,wanda.hardy1003@gmail.com,Staff,W010
SMS00034,Edward,Smith,+1 (684) 351-2006,edward.smith7823@hotmail.com,Staff,W004
SMS00035,Gary,Watson,+1 (465) 616-2542,gary.watson5677@gmail.com,Staff,W009
SMS00036,Melissa,Brown,+1 (880) 264-4125,melissa.brown6021@gmail.com,Staff,W007
SMS00037,Sean,Murphy,+1 (773) 329-3894,sean.murphy8555@gmail.com,Staff,W005
SMS00038,Andrew,Reed,+1 (642) 437-7088,andrew.reed7351@yahoo.com,Staff,W010
SMS00039,Michael,Powell,+1 (835) 601-2661,michael.powell9844@gmail.com,Maintenance,W002
SMS00040,Travis,Lee,+1 (277) 786-7035,travis.lee6027@yahoo.com,Staff,W002
SMS00041,Cassandra,Cooke,+1 (497) 283-1137,cassandra.cooke8065@gmail.com,Maintenance,W004
SMS00042,Christopher,Green,+1 (917) 830-7451,christopher.green3251@gmail.com,Staff,W001
SMS00043,Aaron,Jackson,+1 (839) 114-7540,aaron.jackson3817@gmail.com,Staff,W010
SMS00044,Oscar,Villa,+1 (859) 982-5769,oscar.villa2024@yahoo.com,Staff,W006
SMS00045,Devin,Peters,+1 (615) 961-8424,devin.peters9329@yahoo.com,Staff,W005
SMS00046,Jeffrey,Reed,+1 (683) 961-3080,jeffrey.reed1897@hotmail.com,Staff,W007
SMS00047,Jessica,Garcia,+1 (220) 865-3548,jessica.garcia9176@yahoo.com,Maintenance,W009
SMS00048,Jodi,Ross,+1 (511) 195-5268,jodi.ross867@yahoo.com,Maintenance,W005
SMS00049,Jason,Murphy,+1 (390) 580-5313,jason.murphy64@yahoo.com,Staff,W010
SMS00050,Sarah,Smith,+1 (701) 258-8831,sarah.smith4367@hotmail.com,Staff,W003
SMS00051,Brandon,Chavez,+1 (934) 619-4351,brandon.chavez7338@yahoo.com,Staff,W003
SMS00052,Sydney,Morales,+1 (638) 565-6132,sydney.morales869@gmail.com,Staff,W009
SMS00053,Laurie,Armstrong,+1 (692) 285-3622,laurie.armstrong8623@gmail.com,Staff,W001
SMS00054,Aaron,Whitney,+1 (697) 990-6902,aaron.whitney8219@yahoo.com,Staff,W008
SMS00055,Michael,Sims,+1 (635) 155-6715,michael.sims1629@yahoo.com,Staff,W001
SMS00056,Mary,Vasquez,+1 (718) 846-1118,mary.vasquez9203@yahoo.com,Staff,W007
SMS00057,David,Hanson,+1 (389) 559-5223,david.hanson4328@yahoo.com,Staff,W008
SMS00058,Anthony,Petersen,+1 (781) 264-8117,anthony.petersen5294@hotmail.com,Staff,W002
SMS00059,Ricardo,Schwartz,+1 (431) 991-6082,ricardo.schwartz8378@gmail.com,Staff,W010
SMS00060,Heidi,Bradley,+1 (975) 718-9079,heidi.bradley1326@yahoo.com,Staff,W006
SMS00061,David,Graham,+1 (979) 345-9707,david.graham5833@gmail.com,Staff,W002
SMS00062,Christian,Figueroa,+1 (235) 125-8450,christian.figueroa3925@hotmail.com,Staff,W010
SMS00063,Dennis,Harris,+1 (800) 934-2756,dennis.harris9375@gmail.com,Maintenance,W004
SMS00064,Rachel,Friedman,+1 (854) 453-2832,rachel.friedman7033@hotmail.com,Maintenance,W010
SMS00065,Michele,Erickson,+1 (573) 663-1842,michele.erickson1496@yahoo.com,Staff,W002
SMS00066,Jacob,Morgan,+1 (216) 646-8049,jacob.morgan5777@gmail.com,Staff,W003
SMS00067,Kelli,Mayer,+1 (810) 340-2717,kelli.mayer3612@yahoo.com,Staff,W001
SMS00068,Emily,Rosario,+1 (591) 679-6731,emily.rosario4375@hotmail.com,Staff,W002
SMS00069,Douglas,Long,+1 (996) 361-6399,douglas.long6954@gmail.com,Maintenance,W003
SMS00070,Courtney,Schmitt,+1 (424) 376-3584,courtney.schmitt6700@gmail.com,Staff,W006
SMS00071,Nicholas,Rasmussen,+1 (363) 827-1845,nicholas.rasmussen5294@yahoo.com,Staff,W003
SMS00072,Ashley,Francis,+1 (426) 409-1087,ashley.francis6493@yahoo.com,Staff,W004
SMS00073,Zoe,Simmons,+1 (308) 616-2833,zoe.simmons1324@gmail.com,Staff,W001
SMS00074,Linda,Pierce,+1 (494) 630-1022,linda.pierce6219@yahoo.com,Staff,W001
SMS00075,Angela,Baker,+1 (969) 790-3954,angela.baker5439@gmail.com,Staff,W006
SMS00076,Brian,Miller,+1 (560) 798-1770,brian.miller1932@hotmail.com,Staff,W004
SMS00077,Michael,Kim,+1 (697) 950-4391,michael.kim6635@hotmail.com,Maintenance,W001
SMS00078,Kayla,Austin,+1 (329) 249-2396,kayla.austin4187@gmail.com,Staff,W001
SMS00079,Scott,Mack,+1 (654) 438-3818,scott.mack3048@gmail.com,Staff,W009
SMS00080,Rodney,Johnson,+1 (662) 123-3286,rodney.johnson3471@yahoo.com,Staff,W003
SMS00081,Jeremy,Taylor,+1 (369) 835-6382,jeremy.taylor5295@yahoo.com,Maintenance,W003
SMS00082,Michelle,Soto,+1 (908) 383-6779,michelle.soto3522@gmail.com,Staff,W002
SMS00083,Nicole,Norris,+1 (426) 214-2005,nicole.norris2361@yahoo.com,Staff,W006
SMS00084,Sean,Dawson,+1 (958) 577-4784,sean.dawson3743@hotmail.com,Staff,W005
SMS00085,Larry,Boone,+1 (579) 724-2842,larry.boone1440@hotmail.com,Staff,W007
SMS00086,Rachel,Vazquez,+1 (320) 487-8123,rachel.vazquez8996@yahoo.com,Staff,W003
SMS00087,Dean,Flynn,+1 (475) 434-7947,dean.flynn8508@yahoo.com,Staff,W005
SMS00088,Lindsey,Smith,+1 (965) 997-6197,lindsey.smith3285@gmail.com,Staff,W001
SMS00089,Kimberly,Byrd,+1 (690) 311-2424,kimberly.byrd8612@hotmail.com,Staff,W003
SMS00090,Jermaine,Lynch,+1 (286) 857-3857,jermaine.lynch762@yahoo.com,Staff,W010
SMS00091,Evelyn,Clark,+1 (765) 228-4087,evelyn.clark9572@hotmail.com,Staff,W007
SMS00092,Cynthia,Andrews,+1 (821) 392-1021,cynthia.andrews8347@gmail.com,Staff,W001
SMS00093,Carolyn,Rowe,+1 (913) 397-2033,carolyn.rowe5339@yahoo.com,Staff,W003
SMS00094,Kevin,Schwartz,+1 (284) 101-4293,kevin.schwartz4926@hotmail.com,Maintenance,W007
SMS00095,James,Boone,+1 (871) 385-7389,james.boone6227@yahoo.com,Staff,W009
SMS00096,Kelly,Moore,+1 (867) 298-4825,kelly.moore4749@hotmail.com,Staff,W001
SMS00097,Benjamin,Lopez,+1 (783) 669-3544,benjamin.lopez1703@gmail.com,Staff,W004
SMS00098,Austin,Rodriguez,+1 (689) 749-8271,austin.rodriguez831@yahoo.com,Maintenance,W003
SMS00099,Kelsey,Jones,+1 (333) 896-2093,kelsey.jones1043@hotmail.com,Maintenance,W004
SMS00100,Erika,Johnson,+1 (491) 914-7756,erika.johnson6367@gmail.com,Maintenance,W002
SMS00101,Daniel,Mcmillan,+1 (469) 458-6248,daniel.mcmillan2341@hotmail.com,Staff,W007
SMS00102,Jason,Davis,+1 (284) 637-8583,jason.davis9506@yahoo.com,Staff,W002
SMS00103,Lacey,Matthews,+1 (876) 505-8084,lacey.matthews3391@hotmail.com,Staff,W008
SMS00104,Stephanie,Smith,+1 (263) 810-9760,stephanie.smith8330@hotmail.com,Staff,W002
SMS00105,Joshua,Miller,+1 (224) 352-1650,joshua.miller6503@yahoo.com,Staff,W001
SMS00106,Amber,Anderson,+1 (893) 497-9412,amber.anderson4445@hotmail.com,Staff,W003
SMS00107,Dana,Smith,+1 (285) 106-8012,dana.smith490@hotmail.com,Staff,W007
SMS00108,Carl,Sexton,+1 (208) 693-9288,carl.sexton3345@yahoo.com,Maintenance,W001
SMS00109,Justin,Salinas,+1 (621) 479-7457,justin.salinas7703@yahoo.com,Maintenance,W009
SMS00110,John,Gould,+1 (890) 988-2861,john.gould6341@gmail.com,Staff,W008
SMS00111,Jeffery,Olson,+1 (984) 634-1500,jeffery.olson5747@gmail.com,Staff,W010
SMS00112,Bruce,Lane,+1 (256) 480-3580,bruce.lane6910@gmail.com,Staff,W010
SMS00113,Jason,Figueroa,+1 (653) 395-8341,jason.figueroa3868@yahoo.com,Staff,W006
SMS00114,Robert,Gibson,+1 (901) 864-1767,robert.gibson3060@yahoo.com,Staff,W008
SMS00115,Adam,Garcia,+1 (862) 948-2120,adam.garcia1511@yahoo.com,Staff,W006
SMS00116,Katherine,Alvarado,+1 (376) 883-6808,katherine.alvarado8254@hotmail.com,Staff,W009
SMS00117,Robin,Smith,+1 (916) 537-2434,robin.smith4728@hotmail.com,Staff,W001
SMS00118,Melissa,Carey,+1 (814) 373-1505,melissa.carey2827@yahoo.com,Staff,W004
SMS00119,Robert,Ponce,+1 (454) 528-2974,robert.ponce1177@hotmail.com,Staff,W009
SMS00120,William,Wilson,+1 (522) 259-9565,william.wilson2378@gmail.com,Staff,W010
SMS00121,Robert,Brown,+1 (569) 694-4330,robert.brown5797@gmail.com,Staff,W003
SMS00122,Billy,Leach,+1 (685) 958-3805,billy.leach5405@gmail.com,Staff,W003
SMS00123,Raymond,Fernandez,+1 (873) 929-8001,raymond.fernandez9377@gmail.com,Staff,W010
SMS00124,Heather,Johnson,+1 (651) 182-5030,heather.johnson6571@hotmail.com,Staff,W004
SMS00125,Amanda,Anderson,+1 (334) 527-6173,amanda.anderson3584@gmail.com,Staff,W001
SMS00126,Matthew,Aguirre,+1 (786) 483-4755,matthew.aguirre4647@yahoo.com,Staff,W010
SMS00127,Dennis,Martin,+1 (310) 312-9968,dennis.martin5935@hotmail.com,Staff,W001
SMS00128,Nicholas,Lee,+1 (751) 824-3956,nicholas.lee758@gmail.com,Staff,W005
SMS00129,Joan,Moreno,+1 (652) 897-3033,joan.moreno2404@yahoo.com,Maintenance,W008
SMS00130,James,Blair,+1 (231) 291-1718,james.blair6016@yahoo.com,Staff,W007
SMS00131,Christopher,Graham,+1 (543) 139-7045,christopher.graham4059@gmail.com,Maintenance,W009
SMS00132,Jeffery,Waters,+1 (614) 552-8231,jeffery.waters6681@yahoo.com,Staff,W005
SMS00133,Harold,Stephenson,+1 (451) 797-9739,harold.stephenson4602@yahoo.com,Maintenance,W007
SMS00134,Joseph,Warner,+1 (258) 198-9448,joseph.warner7922@yahoo.com,Staff,W009
SMS00135,Elizabeth,Kennedy,+1 (305) 743-3599,elizabeth.kennedy7457@gmail.com,Staff,W004
SMS00136,Stacy,Simon,+1 (981) 480-6238,stacy.simon6644@yahoo.com,Maintenance,W008
SMS00137,Jennifer,Obrien,+1 (396) 952-2230,jennifer.obrien9487@yahoo.com,Staff,W003
SMS00138,Candice,Johnson,+1 (833) 242-1111,candice.johnson4022@yahoo.com,Staff,W006
SMS00139,Christopher,Kidd,+1 (416) 232-2264,christopher.kidd7435@gmail.com,Staff,W004
SMS00140,Matthew,Terry,+1 (407) 927-1945,matthew.terry4165@gmail.com,Staff,W010
SMS00141,Kristen,Bowen,+1 (548) 684-6608,kristen.bowen7652@yahoo.com,Staff,W009
SMS00142,Julie,Koch,+1 (621) 198-6271,julie.koch3262@gmail.com,Staff,W010
SMS00143,Rebecca,Smith,+1 (477) 443-5623,rebecca.smith2648@hotmail.com,Staff,W009
SMS00144,Walter,Allen,+1 (658) 943-1214,walter.allen2920@gmail.com,Staff,W004
SMS00145,Lynn,Cervantes,+1 (871) 445-2494,lynn.cervantes9875@hotmail.com,Staff,W005
SMS00146,Joseph,Harvey,+1 (986) 297-4354,joseph.harvey3171@yahoo.com,Staff,W004
SMS00147,Elizabeth,Davis,+1 (835) 957-5460,elizabeth.davis7532@gmail.com,Staff,W003
SMS00148,Rebecca,Davis,+1 (385) 302-3667,rebecca.davis7829@hotmail.com,Staff,W005
SMS00149,Arthur,Martinez,+1 (526) 516-9068,arthur.martinez7032@gmail.com,Staff,W004
SMS00150,Gabriel,Edwards,+1 (572) 163-9575,gabriel.edwards6974@hotmail.com,Maintenance,W001
SMS00151,Donald,Hunt,+1 (424) 130-5018,donald.hunt4066@gmail.com,Staff,W006
SMS00152,Tiffany,Wright,+1 (636) 662-9912,tiffany.wright2532@yahoo.com,Staff,W004
SMS00153,Katrina,Martinez,+1 (542) 789-6799,katrina.martinez3856@yahoo.com,Maintenance,W008
SMS00154,Michael,Meyer,+1 (527) 644-4249,michael.meyer2054@hotmail.com,Staff,W007
SMS00155,Ryan,Jackson,+1 (333) 911-7920,ryan.jackson7779@hotmail.com,Staff,W002
SMS00156,Amy,Brown,+1 (598) 752-1858,amy.brown4122@hotmail.com,Staff,W006
SMS00157,Marc,Reed,+1 (860) 535-4015,marc.reed8016@hotmail.com,Staff,W008
SMS00158,Kenneth,Hall,+1 (278) 671-1410,kenneth.hall4953@yahoo.com,Staff,W007
SMS00159,Joanna,Ramos,+1 (251) 876-5708,joanna.ramos3477@hotmail.com,Staff,W007
SMS00160,Adam,Long,+1 (886) 676-2298,adam.long9735@gmail.com,Staff,W006
SMS00161,Glen,Brown,+1 (457) 112-6026,glen.brown5824@yahoo.com,Staff,W005
SMS00162,Erin,Griffin,+1 (474) 110-8610,erin.griffin8513@gmail.com,Staff,W008
SMS00163,Victoria,Mitchell,+1 (810) 607-3147,victoria.mitchell6615@hotmail.com,Staff,W006
SMS00164,Christine,Clark,+1 (274) 187-3359,christine.clark4687@hotmail.com,Maintenance,W004
SMS00165,Alex,King,+1 (638) 693-3947,alex.king5888@gmail.com,Staff,W006
SMS00166,Brett,Coleman,+1 (771) 447-2849,brett.coleman1708@gmail.com,Staff,W005
SMS00167,Amy,Arnold,+1 (697) 538-4629,amy.arnold7590@gmail.com,Staff,W009
SMS00168,Jacqueline,Frank,+1 (585) 845-4064,jacqueline.frank4954@hotmail.com,Maintenance,W001
SMS00169,Jessica,Livingston,+1 (918) 586-8772,jessica.livingston9607@hotmail.com,Staff,W001
SMS00170,Cheyenne,Chavez,+1 (939) 656-5148,cheyenne.chavez8165@hotmail.com,Maintenance,W004
SMS00171,Stephen,Lara,+1 (582) 823-9938,stephen.lara3804@gmail.com,Staff,W003
SMS00172,Zachary,Rodriguez,+1 (830) 941-9696,zachary.rodriguez7406@yahoo.com,Staff,W004
SMS00173,Jay,Barry,+1 (375) 648-1436,jay.barry6418@hotmail.com,Staff,W007
SMS00174,Linda,Jones,+1 (670) 164-8010,linda.jones1320@gmail.com,Maintenance,W008
SMS00175,Madeline,Jackson,+1 (566) 485-9617,madeline.jackson2727@yahoo.com,Staff,W010
SMS00176,Monica,Stark,+1 (643) 645-2957,monica.stark3784@hotmail.com,Staff,W006
SMS00177,Antonio,Bradford,+1 (591) 920-7275,antonio.bradford2974@yahoo.com,Staff,W004
SMS00178,Charles,Weber,+1 (702) 686-5429,charles.weber1943@hotmail.com,Staff,W003
SMS00179,Michael,Lutz,+1 (259) 393-9477,michael.lutz9064@yahoo.com,Maintenance,W001
SMS00180,Jonathan,Cobb,+1 (335) 882-3400,jonathan.cobb4284@yahoo.com,Staff,W005
SMS00181,Sean,Coleman,+1 (863) 986-5336,sean.coleman5231@yahoo.com,Maintenance,W002
SMS00182,Reginald,Wall,+1 (760) 234-3133,reginald.wall740@yahoo.com,Staff,W006
SMS00183,Marvin,Green,+1 (812) 576-8944,marvin.green7210@hotmail.com,Staff,W003
SMS00184,Cynthia,Hill,+1 (648) 590-2789,cynthia.hill8717@hotmail.com,Staff,W010
SMS00185,Miranda,Walker,+1 (569) 350-9474,miranda.walker9276@yahoo.com,Staff,W009
SMS00186,Alyssa,Campbell,+1 (906) 943-5391,alyssa.campbell4863@hotmail.com,Staff,W001
SMS00187,Garrett,Chandler,+1 (206) 814-2122,garrett.chandler7015@yahoo.com,Staff,W008
SMS00188,Scott,Johnson,+1 (463) 958-3685,scott.johnson3079@yahoo.com,Staff,W002
SMS00189,Marvin,Cox,+1 (533) 444-5122,marvin.cox4648@hotmail.com,Staff,W003
SMS00190,Anthony,Rivas,+1 (505) 644-9989,anthony.rivas993@gmail.com,Staff,W006
SMS00191,Jake,Henry,+1 (434) 950-2680,jake.henry7318@hotmail.com,Staff,W010
SMS00192,Emma,Hernandez,+1 (978) 577-8153,emma.hernandez291@yahoo.com,Staff,W001
SMS00193,Manuel,Hall,+1 (520) 961-1681,manuel.hall9547@yahoo.com,Staff,W008
SMS00194,Richard,Graham,+1 (347) 793-8151,richard.graham2480@gmail.com,Maintenance,W002
SMS00195,Jacob,Johnson,+1 (645) 707-7068,jacob.johnson3305@hotmail.com,Staff,W004
SMS00196,Duane,Garcia,+1 (291) 171-2937,duane.garcia6286@yahoo.com,Maintenance,W005
SMS00197,Sean,Short,+1 (601) 217-6230,sean.short4312@yahoo.com,Staff,W005
SMS00198,Dawn,Stevenson,+1 (998) 151-1388,dawn.stevenson4973@hotmail.com,Staff,W005
SMS00199,Nicole,Lopez,+1 (500) 362-8727,nicole.lopez3213@hotmail.com,Staff,W010
SMS00200,Taylor,Calhoun,+1 (977) 140-6202,taylor.calhoun4882@gmail.com,Staff,W010
SMS00201,Gabriel,Mclaughlin,+1 (974) 624-2595,gabriel.mclaughlin863@gmail.com,Staff,W009
SMS00202,Julie,Anderson,+1 (936) 502-1918,julie.anderson3648@hotmail.com,Staff,W007
SMS00203,Joanne,French,+1 (334) 864-1701,joanne.french6845@hotmail.com,Staff,W008
SMS00204,Robert,Austin,+1 (283) 449-1995,robert.austin1232@gmail.com,Staff,W003
SMS00205,Ana,Smith,+1 (949) 623-2355,ana.smith8459@yahoo.com,Staff,W005
SMS00206,Valerie,Cox,+1 (348) 694-6251,valerie.cox9450@yahoo.com,Staff,W007
SMS00207,Debra,Bowman,+1 (623) 414-4158,debra.bowman8029@gmail.com,Maintenance,W010
SMS00208,Curtis,Ward,+1 (286) 985-6890,curtis.ward9023@hotmail.com,Staff,W005
SMS00209,Kevin,Cameron,+1 (500) 365-8667,kevin.cameron8550@yahoo.com,Staff,W010
SMS00210,Timothy,Porter,+1 (746) 604-9273,timothy.porter4591@gmail.com,Maintenance,W004
SMS00211,Gilbert,Parker,+1 (622) 190-4820,gilbert.parker7234@gmail.com,Staff,W010
SMS00212,Marisa,Ramirez,+1 (452) 217-1450,marisa.ramirez7232@hotmail.com,Staff,W001
SMS00213,Mario,Garcia,+1 (342) 333-3459,mario.garcia8212@hotmail.com,Staff,W003
SMS00214,Luis,Miller,+1 (523) 574-4343,luis.miller2291@hotmail.com,Staff,W006
SMS00215,Daniel,Ray,+1 (529) 300-2125,daniel.ray3064@yahoo.com,Staff,W008
SMS00216,Jay,Gray,+1 (928) 111-6439,jay.gray3228@gmail.com,Maintenance,W008
SMS00217,Robin,Potts,+1 (588) 213-7743,robin.potts1004@gmail.com,Staff,W005
SMS00218,Timothy,Thompson,+1 (344) 927-8945,timothy.thompson5673@gmail.com,Staff,W009
SMS00219,Michael,Gonzalez,+1 (446) 915-6573,michael.gonzalez2149@gmail.com,Maintenance,W004
SMS00220,Kristi,Taylor,+1 (978) 987-1397,kristi.taylor690@gmail.com,Staff,W010
SMS00221,Danielle,Richard,+1 (391) 769-9821,danielle.richard3435@gmail.com,Staff,W003
SMS00222,Carlos,Sanchez,+1 (904) 463-8727,carlos.sanchez3994@gmail.com,Maintenance,W010
SMS00223,Roger,Baker,+1 (658) 486-9977,roger.baker2845@gmail.com,Staff,W008
SMS00224,Marissa,Mathis,+1 (772) 173-2928,marissa.mathis5452@gmail.com,Maintenance,W006
SMS00225,Felicia,Thompson,+1 (971) 272-2547,felicia.thompson5533@hotmail.com,Staff,W002
SMS00226,Ivan,Gonzales,+1 (247) 322-2801,ivan.gonzales3375@gmail.com,Staff,W007
SMS00227,Jennifer,Hudson,+1 (478) 985-8457,jennifer.hudson7973@yahoo.com,Staff,W001
SMS00228,James,Adams,+1 (235) 436-3934,james.adams9533@hotmail.com,Staff,W010
SMS00229,Daniel,Friedman,+1 (470) 958-5014,daniel.friedman6288@hotmail.com,Staff,W008
SMS00230,Kathleen,Cox,+1 (689) 757-1672,kathleen.cox9100@yahoo.com,Maintenance,W002
SMS00231,Monica,Sullivan,+1 (548) 620-4882,monica.sullivan900@gmail.com,Maintenance,W006
SMS00232,Matthew,Silva,+1 (242) 857-9342,matthew.silva948@gmail.com,Maintenance,W008
SMS00233,Steve,Patton,+1 (204) 518-3807,steve.patton211@yahoo.com,Staff,W003
SMS00234,Nathan,Gonzalez,+1 (428) 693-5944,nathan.gonzalez3352@gmail.com,Staff,W007
SMS00235,Crystal,Black,+1 (925) 519-9806,crystal.black7465@yahoo.com,Staff,W009
SMS00236,John,Snyder,+1 (498) 375-3639,john.snyder9363@hotmail.com,Staff,W010
SMS00237,Michael,Black,+1 (339) 702-1445,michael.black2427@hotmail.com,Staff,W007
SMS00238,Melissa,Greer,+1 (954) 552-7549,melissa.greer2023@hotmail.com,Staff,W001
SMS00239,Gary,Tanner,+1 (822) 561-2190,gary.tanner2993@gmail.com,Staff,W006
SMS00240,Tyler,Bailey,+1 (539) 129-7232,tyler.bailey4581@yahoo.com,Staff,W008
SMS00241,Dylan,Myers,+1 (354) 893-4617,dylan.myers920@yahoo.com,Staff,W009
SMS00242,Dan,Morton,+1 (403) 355-1015,dan.morton9250@yahoo.com,Staff,W001
SMS00243,Zachary,Bush,+1 (497) 234-2354,zachary.bush8531@hotmail.com,Staff,W001
SMS00244,Paige,Manning,+1 (760) 485-3667,paige.manning4392@gmail.com,Staff,W009
SMS00245,Allison,Schmidt,+1 (918) 897-8747,allison.schmidt2835@yahoo.com,Staff,W006
SMS00246,Tonya,Jacobs,+1 (209) 392-2049,tonya.jacobs2399@gmail.com,Maintenance,W002
SMS00247,Amy,Blake,+1 (391) 404-8294,amy.blake2144@hotmail.com,Staff,W008
SMS00248,Kenneth,Harper,+1 (443) 887-9988,kenneth.harper6148@yahoo.com,Staff,W004
SMS00249,Mike,Valenzuela,+1 (265) 407-3322,mike.valenzuela1772@yahoo.com,Staff,W007
SMS00250,Erica,Gilmore,+1 (672) 348-3792,erica.gilmore5823@hotmail.com,Staff,W004
SMS00251,Jeffrey,Houston,+1 (457) 302-3435,jeffrey.houston1051@yahoo.com,Maintenance,W010
SMS00252,Christopher,West,+1 (779) 547-3166,christopher.west5358@yahoo.com,Staff,W006
SMS00253,Michelle,Mata,+1 (974) 893-6654,michelle.mata2810@yahoo.com,Staff,W001
SMS00254,Phillip,Rowland,+1 (649) 645-9564,phillip.rowland3598@gmail.com,Staff,W006
SMS00255,Kayla,Morales,+1 (358) 823-9383,kayla.morales7259@gmail.com,Staff,W007
SMS00256,Eugene,Coleman,+1 (668) 916-5673,eugene.coleman4001@hotmail.com,Staff,W006
SMS00257,Jamie,King,+1 (596) 997-5794,jamie.king869@yahoo.com,Staff,W010
SMS00258,David,Williams,+1 (716) 863-3599,david.williams5505@gmail.com,Staff,W007
SMS00259,Phillip,Barnett,+1 (765) 919-5629,phillip.barnett5770@yahoo.com,Staff,W006
SMS00260,Jeffrey,Fitzgerald,+1 (762) 579-2009,jeffrey.fitzgerald5502@yahoo.com,Staff,W004
SMS00261,Justin,Martinez,+1 (628) 542-5008,justin.martinez4287@yahoo.com,Staff,W006
SMS00262,Brandon,Gallagher,+1 (904) 801-4221,brandon.gallagher2856@yahoo.com,Staff,W001
SMS00263,Traci,Campbell,+1 (823) 152-5393,traci.campbell6922@hotmail.com,Staff,W006
SMS00264,Ryan,Williams,+1 (752) 991-7832,ryan.williams1129@yahoo.com,Staff,W004
SMS00265,Geoffrey,Gomez,+1 (884) 328-7037,geoffrey.gomez8242@gmail.com,Staff,W006
SMS00266,Joshua,Edwards,+1 (315) 600-8840,joshua.edwards9677@hotmail.com,Staff,W006
SMS00267,Madison,Singh,+1 (798) 284-7082,madison.singh3161@gmail.com,Staff,W006
SMS00268,Jacqueline,Harris,+1 (721) 359-7732,jacqueline.harris4490@hotmail.com,Maintenance,W009
SMS00269,Timothy,Castro,+1 (936) 608-3756,timothy.castro6016@hotmail.com,Staff,W001
SMS00270,Kimberly,Hernandez,+1 (348) 886-8705,kimberly.hernandez3151@hotmail.com,Staff,W007
SMS00271,David,Lawson,+1 (747) 171-6870,david.lawson1457@gmail.com,Staff,W001
SMS00272,Cheryl,Hester,+1 (319) 146-2945,cheryl.hester5947@yahoo.com,Maintenance,W002
SMS00273,Amanda,Newton,+1 (713) 123-1473,amanda.newton4721@hotmail.com,Maintenance,W007
SMS00274,Brian,Obrien,+1 (766) 995-7923,brian.obrien5231@yahoo.com,Staff,W005
SMS00275,Carmen,Sanders,+1 (674) 457-1680,carmen.sanders5910@gmail.com,Staff,W003
SMS00276,Terri,Brown,+1 (733) 144-7370,terri.brown2861@yahoo.com,Staff,W009
SMS00277,Lisa,Davis,+1 (712) 503-9582,lisa.davis122@hotmail.com,Staff,W007
SMS00278,Caitlin,Boyd,+1 (647) 428-2866,caitlin.boyd7031@hotmail.com,Maintenance,W009
SMS00279,Benjamin,Carter,+1 (562) 980-2277,benjamin.carter6615@gmail.com,Staff,W003
SMS00280,Julian,Shepherd,+1 (864) 997-2507,julian.shepherd3073@gmail.com,Staff,W001
SMS00281,Cody,Bates,+1 (848) 401-6876,cody.bates3086@gmail.com,Staff,W008
SMS00282,Andrew,Washington,+1 (811) 736-2839,andrew.washington2815@gmail.com,Staff,W004
SMS00283,Eric,Morrison,+1 (411) 723-8164,eric.morrison2265@gmail.com,Staff,W007
SMS00284,Susan,Velasquez,+1 (201) 945-3120,susan.velasquez7798@gmail.com,Staff,W008
SMS00285,John,Howard,+1 (432) 664-1617,john.howard3501@yahoo.com,Staff,W006
SMS00286,Charles,Hubbard,+1 (704) 568-3866,charles.hubbard6774@gmail.com,Staff,W003
SMS00287,Elizabeth,Craig,+1 (492) 918-1544,elizabeth.craig965@yahoo.com,Staff,W003
SMS00288,Kimberly,Quinn,+1 (801) 628-6441,kimberly.quinn9210@hotmail.com,Maintenance,W005
SMS00289,Joseph,Beard,+1 (499) 535-6167,joseph.beard2449@gmail.com,Staff,W008
SMS00290,Ryan,Smith,+1 (210) 461-8463,ryan.smith6546@hotmail.com,Staff,W009
SMS00291,Reginald,Castro,+1 (737) 975-9060,reginald.castro4125@hotmail.com,Staff,W004
SMS00292,Matthew,Watkins,+1 (603) 579-6563,matthew.watkins6267@gmail.com,Staff,W005
SMS00293,Marcus,Gill,+1 (281) 541-3207,marcus.gill1945@yahoo.com,Staff,W005
SMS00294,Michael,Smith,+1 (713) 259-3990,michael.smith5895@yahoo.com,Staff,W009
SMS00295,Devon,Phillips,+1 (555) 716-6841,devon.phillips1530@gmail.com,Maintenance,W004
SMS00296,Haley,Sparks,+1 (317) 806-2686,haley.sparks1029@gmail.com,Staff,W002
SMS00297,Chad,Johnson,+1 (639) 145-8229,chad.johnson2443@gmail.com,Staff,W002
SMS00298,Cynthia,Cervantes,+1 (826) 707-1934,cynthia.cervantes7303@yahoo.com,Staff,W003
SMS00299,Neil,Porter,+1 (823) 984-7964,neil.porter8043@yahoo.com,Staff,W009
SMS00300,Zachary,Zamora,+1 (354) 779-8418,zachary.zamora2921@hotmail.com,Staff,W001
SMS00301,Richard,Shields,+1 (880) 247-1709,richard.shields238@hotmail.com,Maintenance,W003
SMS00302,Melissa,Porter,+1 (961) 738-3277,melissa.porter1216@yahoo.com,Staff,W010
SMS00303,Jose,Ritter,+1 (463) 472-5698,jose.ritter1919@yahoo.com,Staff,W003
SMS00304,Rachel,Smith,+1 (694) 302-8540,rachel.smith9997@gmail.com,Staff,W002
SMS00305,James,Stanley,+1 (692) 539-8271,james.stanley2908@hotmail.com,Staff,W003
SMS00306,Jennifer,Harvey,+1 (363) 139-3536,jennifer.harvey4783@hotmail.com,Maintenance,W001
SMS00307,Amber,Acosta,+1 (688) 289-8026,amber.acosta2448@gmail.com,Staff,W001
SMS00308,Karen,Fernandez,+1 (474) 887-7372,karen.fernandez1831@hotmail.com,Staff,W009
SMS00309,Amy,Vega,+1 (422) 498-4737,amy.vega6571@hotmail.com,Staff,W010
SMS00310,Michele,Anderson,+1 (945) 512-5219,michele.anderson7511@yahoo.com,Maintenance,W007
